id,name,tagline,description,votes,website,launch_date,url,topics,makers
1111197,Kilo Code v7 for VS Code,"Parallel agents, diff reviewer, and multi-model comparisons","We've completely rebuilt Kilo Code for VS Code, built on OpenCode server. New portable core, parallel tool calls, subagent delegation, inline code review, multi-model comparisons. Get started: kilo.ai/install",892,https://www.producthunt.com/r/SNLH5TXRYOCJUJ?utm_campaign=producthunt-api&utm_medium=api-v2&utm_source=Application%3A+mon_scraper+%28ID%3A+286411%29,2026-05-05T07:01:00Z,https://www.producthunt.com/products/kilocode/launches/kilo-code-v7-for-vs-code?utm_campaign=producthunt-api&utm_medium=api-v2&utm_source=Application%3A+mon_scraper+%28ID%3A+286411%29,"Open Source, Software Engineering, Developer Tools, GitHub","[REDACTED], [REDACTED], [REDACTED], [REDACTED], [REDACTED], [REDACTED], [REDACTED], [REDACTED], [REDACTED]"
1144771,StoreClaw,Grow your store profits with agents that know how to sell,"StoreClaw is the first AI commerce platform with agents that know how to sell, so you can make more money with less effort and less stress. Connect StoreClaw to your existing store and it will study your numbers, current sales figures, and growth trajectory, and then offer proactive suggestions that it can execute on your behalf — once you give it your approval. Ask StoreClaw how your business is doing any time, anywhere. Sell more with less stress: StoreClaw.",848,https://www.producthunt.com/r/PVXOOJINEBKKUA?utm_campaign=producthunt-api&utm_medium=api-v2&utm_source=Application%3A+mon_scraper+%28ID%3A+286411%29,2026-05-20T07:01:00Z,https://www.producthunt.com/products/storeclaw?utm_campaign=producthunt-api&utm_medium=api-v2&utm_source=Application%3A+mon_scraper+%28ID%3A+286411%29,"Artificial Intelligence, E-Commerce, Marketing automation","[REDACTED], [REDACTED], [REDACTED], [REDACTED], [REDACTED], [REDACTED]"
1135604,PollyReach,Give your agent a real number and voice to make calls.,"Most AI phone tools are built for enterprises — APIs, workflows, sales automation. PollyReach is built for you. Give your AI a real phone number. Say ""book me a table for 7pm"" — it finds the number, makes the call, handles the conversation, and reports back with a summary, recording & transcript. It also answers your phone 24/7 and screens spam. Works in 50+ languages.",835,https://www.producthunt.com/r/YNJ3R3XJ5FEEBJ?utm_campaign=producthunt-api&utm_medium=api-v2&utm_source=Application%3A+mon_scraper+%28ID%3A+286411%29,2026-05-19T07:01:00Z,https://www.producthunt.com/products/pollyreach?utm_campaign=producthunt-api&utm_medium=api-v2&utm_source=Application%3A+mon_scraper+%28ID%3A+286411%29,"Productivity, Artificial Intelligence, Virtual Assistants","[REDACTED], [REDACTED], [REDACTED], [REDACTED]"
1149886,Brew ,Like Claude design for email marketing,"Brew is the fastest way to design and send beautiful, on-brand emails and automations that render perfectly in every inbox. Describe a campaign or a multi-step automation in plain English, and Brew builds the whole thing in seconds: copy, design, audience, and logic. Works with any AI agent: paste our docs into OpenClaw, Viktor, Claude, or Lovable. No lock-in: send from Brew or export to your ESP. Free to get started.",802,https://www.producthunt.com/r/3Q7DPTEXUJAFUG?utm_campaign=producthunt-api&utm_medium=api-v2&utm_source=Application%3A+mon_scraper+%28ID%3A+286411%29,2026-05-26T07:01:00Z,https://www.producthunt.com/products/brew-5?utm_campaign=producthunt-api&utm_medium=api-v2&utm_source=Application%3A+mon_scraper+%28ID%3A+286411%29,"Design Tools, Email Marketing, Artificial Intelligence","[REDACTED], [REDACTED], [REDACTED], [REDACTED]"
1140898,Unabyss,MCP-native self-updating context layer for your AI,"Set it up once and never re-explain yourself to AI again. Connect the apps you use daily - Unabyss will extract, structure, and update your context automatically. Share it with any AI tool via MCP, with granular control over what each tool can see.",731,https://www.producthunt.com/r/3EY2VAEXSWTXAR?utm_campaign=producthunt-api&utm_medium=api-v2&utm_source=Application%3A+mon_scraper+%28ID%3A+286411%29,2026-05-25T07:01:00Z,https://www.producthunt.com/products/unabyss?utm_campaign=producthunt-api&utm_medium=api-v2&utm_source=Application%3A+mon_scraper+%28ID%3A+286411%29,"Productivity, Artificial Intelligence","[REDACTED], [REDACTED], [REDACTED], [REDACTED]"
1128324,RankSpot,AI SEO Blog driven by deep competitor intelligence,"RankSpot is your fully automated AI agent that researches, writes, and publishes SEO articles to your blog daily - getting you cited in AI answers and ranked on Google.",668,https://www.producthunt.com/r/6OTRNXDGVGQLGN?utm_campaign=producthunt-api&utm_medium=api-v2&utm_source=Application%3A+mon_scraper+%28ID%3A+286411%29,2026-05-08T07:01:00Z,https://www.producthunt.com/products/rankspot/launches/rankspot?utm_campaign=producthunt-api&utm_medium=api-v2&utm_source=Application%3A+mon_scraper+%28ID%3A+286411%29,"Marketing, SEO, YC Application","[REDACTED], [REDACTED]"
1136902,OpenHuman,An open source AI harness built with the human in mind,"90% of people who try AI agents give up. Three reasons: memory that resets every session, your data sitting in someone else's cloud and a terminal just to get started. Real blockers. OpenHuman fixes all of it. Local-first, privacy-first. It remembers everything about you and actually gets smarter the more you use it. Every feature lives in one simple interface. Fully open source. One-click setup. P.S. The product is in beta, so expect bugs, but we're building and shipping fast.",661,https://www.producthunt.com/r/RWEBXA76IIY2MF?utm_campaign=producthunt-api&utm_medium=api-v2&utm_source=Application%3A+mon_scraper+%28ID%3A+286411%29,2026-05-15T07:01:00Z,https://www.producthunt.com/products/openhuman/launches/openhuman?utm_campaign=producthunt-api&utm_medium=api-v2&utm_source=Application%3A+mon_scraper+%28ID%3A+286411%29,"Productivity, Open Source, Artificial Intelligence, GitHub","[REDACTED], [REDACTED], [REDACTED], [REDACTED], [REDACTED], [REDACTED]"
1138905,Velo 2.0,Instantly turn your voice and screen into shareable videos,"Velo 2.0 is a whole new way to make video messages. It turns raw screen recordings into polished videos and docs, with a chat-native editor, real-time processing, voice cloning, and smart script rewriting. Edit by chatting, not timelines. Record once and get both a video and a doc. Write a script even when there is no audio. Change tone anytime. Everything updates live, so the whole experience feels faster, easier, and more natural.",639,https://www.producthunt.com/r/GOBREWJTJKPLRQ?utm_campaign=producthunt-api&utm_medium=api-v2&utm_source=Application%3A+mon_scraper+%28ID%3A+286411%29,2026-05-05T07:01:00Z,https://www.producthunt.com/products/velo-4/launches/velo-2-0?utm_campaign=producthunt-api&utm_medium=api-v2&utm_source=Application%3A+mon_scraper+%28ID%3A+286411%29,"Productivity, Sales, Video","[REDACTED], [REDACTED], [REDACTED], [REDACTED], [REDACTED], [REDACTED], [REDACTED], [REDACTED]"
1152782,own.page,Make your own personal website with bento tiles,"own.page helps creators and founders build a beautiful link-in-bio that feels alive - more like a personal website than just a list of links. Build a page in under a minute, customize it your way, add powerful widgets and integrations, understand your visitors, and grow your audience from one place.",624,https://www.producthunt.com/r/MG5MNTMYZSEPJI?utm_campaign=producthunt-api&utm_medium=api-v2&utm_source=Application%3A+mon_scraper+%28ID%3A+286411%29,2026-05-25T07:01:00Z,https://www.producthunt.com/products/own-page?utm_campaign=producthunt-api&utm_medium=api-v2&utm_source=Application%3A+mon_scraper+%28ID%3A+286411%29,"Social Network, Social Media, Website Builder",[REDACTED]
1058199,Spellar 3.0,AI Meeting companion with cross-meeting memory,"Most meeting tools give you notes. Spellar AI gives you memory. It joins your calls, captures every word, and builds context across all your meetings. Ask what a client said three calls ago. Find decisions from last week. See what’s still open. Organize by client, use templates, and choose the AI you trust — OpenAI, Anthropic, Perplexity, Gemini and more!",586,https://www.producthunt.com/r/FVMNYOIYMA7YBP?utm_campaign=producthunt-api&utm_medium=api-v2&utm_source=Application%3A+mon_scraper+%28ID%3A+286411%29,2026-05-14T07:01:00Z,https://www.producthunt.com/products/spellar/launches/spellar-3-0-5?utm_campaign=producthunt-api&utm_medium=api-v2&utm_source=Application%3A+mon_scraper+%28ID%3A+286411%29,"Productivity, Meetings, Artificial Intelligence","[REDACTED], [REDACTED], [REDACTED], [REDACTED]"
1124409,SocLeads 3.0,Scrape emails from socials and maps by location,"SocLeads now scrapes emails from Instagram, Facebook, LinkedIn, YouTube, and Google Maps across entire countries 🌍📧 Geo-filters. More results. No code needed. 🚀",576,https://www.producthunt.com/r/ALZHOD7ZH2TWYV?utm_campaign=producthunt-api&utm_medium=api-v2&utm_source=Application%3A+mon_scraper+%28ID%3A+286411%29,2026-05-18T07:01:00Z,https://www.producthunt.com/products/socleads?utm_campaign=producthunt-api&utm_medium=api-v2&utm_source=Application%3A+mon_scraper+%28ID%3A+286411%29,"Email, Social Media, Marketing",[REDACTED]
1140630,Naptick AI,Al sleep companion that helps fall asleep without struggle,"Naptick is a smart bedside AI sleep companion designed for founders, professionals, light sleepers, and anyone struggling with nighttime stress or doomscrolling. It combines circadian light therapy, 1000+ adaptive soundscapes, room condition intelligence, app-locking, and an on-device AI sleep coach to help users fall asleep faster and wake up refreshed. Unlike passive sleep trackers, Naptick is built phone-free by design and actively helps improve sleep before the night begins.",569,https://www.producthunt.com/r/OT2VX5IW7L4F7E?utm_campaign=producthunt-api&utm_medium=api-v2&utm_source=Application%3A+mon_scraper+%28ID%3A+286411%29,2026-05-14T07:01:00Z,https://www.producthunt.com/products/naptick-ai-sleep-companion/launches/naptick-ai?utm_campaign=producthunt-api&utm_medium=api-v2&utm_source=Application%3A+mon_scraper+%28ID%3A+286411%29,"Health & Fitness, Hardware, Artificial Intelligence","[REDACTED], [REDACTED], [REDACTED], [REDACTED], [REDACTED], [REDACTED], [REDACTED]"
1134267,mailX by mailwarm,Email deliverability toolkit for humans and AI agents,"Your emails go to spam. mailX shows you why, and how to fix it in seconds with clear answers and exact steps. Built for humans and AI agents. API and MCP ready.",566,https://www.producthunt.com/r/H2XLXASAORMP7Z?utm_campaign=producthunt-api&utm_medium=api-v2&utm_source=Application%3A+mon_scraper+%28ID%3A+286411%29,2026-05-20T07:01:00Z,https://www.producthunt.com/products/mailx-by-mailwarm-yc-s20?utm_campaign=producthunt-api&utm_medium=api-v2&utm_source=Application%3A+mon_scraper+%28ID%3A+286411%29,"Email, Email Marketing, Artificial Intelligence","[REDACTED], [REDACTED], [REDACTED], [REDACTED], [REDACTED], [REDACTED], [REDACTED]"
1132754,Postiz,Agentic social media scheduler for agents like OpenClaw,"Connect Postiz to your personal AI Agent, such as OpenClaw / Claude / nanoclaw / PaperClip, and schedule thousands of social media posts to 30+ Social media networks in one go. You can either install the Postiz SKILL and use the Postiz CLI, or use the Postiz MCP and connect it to a remote server; any connection use case is supported.",565,https://www.producthunt.com/r/DTE56DREXBP3M6?utm_campaign=producthunt-api&utm_medium=api-v2&utm_source=Application%3A+mon_scraper+%28ID%3A+286411%29,2026-05-01T07:01:00Z,https://www.producthunt.com/products/postiz/launches/postiz-3?utm_campaign=producthunt-api&utm_medium=api-v2&utm_source=Application%3A+mon_scraper+%28ID%3A+286411%29,"Social Media, Marketing automation, Social media marketing",[REDACTED]
1136553,Shadow 2.0,"The work your meetings create, done before they end","Every online call creates a to-do list. Shadow clears it live. It understands your conversation, tracks what needs to happen, and executes tasks in real time. PDF creation, slide generation, CRM updates, follow-ups, and scheduling before the call ends. Our goal is to have no post-call work. Just stay focused while Shadow handles everything in the background. Starting with core workflows and expanding to everything your calls create.",555,https://www.producthunt.com/r/6DYONUBX4ZQVHY?utm_campaign=producthunt-api&utm_medium=api-v2&utm_source=Application%3A+mon_scraper+%28ID%3A+286411%29,2026-05-06T07:01:00Z,https://www.producthunt.com/products/shadow-6/launches/shadow-2-0-2?utm_campaign=producthunt-api&utm_medium=api-v2&utm_source=Application%3A+mon_scraper+%28ID%3A+286411%29,"Productivity, Meetings, YC Application","[REDACTED], [REDACTED], [REDACTED], [REDACTED], [REDACTED], [REDACTED], [REDACTED]"
1152111,Pancake,OpenClaw in Slack that makes your company autonomous,"Every other AI product is a tool that makes you more productive. A copilot. An assistant. A coworker. Something you use. Pancake makes your company autonomous. Agents with roles, goals, and a heartbeat working while you sleep. You set direction, approve the irreversible, the rest runs. Prepare yourself to be prompted by Pancake.",552,https://www.producthunt.com/r/AYXK7CGT2LEPGB?utm_campaign=producthunt-api&utm_medium=api-v2&utm_source=Application%3A+mon_scraper+%28ID%3A+286411%29,2026-05-28T07:01:00Z,https://www.producthunt.com/products/pancake-6?utm_campaign=producthunt-api&utm_medium=api-v2&utm_source=Application%3A+mon_scraper+%28ID%3A+286411%29,"Slack, Artificial Intelligence, Maker Tools","[REDACTED], [REDACTED], [REDACTED], [REDACTED], [REDACTED]"
1152148,Tycoon AI ,Run one-person companies entirely with AI agents,"Tycoon.us enables you to run an entire company with AI agents, powered by Astra, an AI CEO, and 10+ ready-to-use AI agents you can choose from, from CMO who manages X to CTO who codes. Astra also manages Claude Code/Hermes. Give Astra a KPI or project, like “10x traffic this month,” or “launch onboarding flows.” She creates a plan, assigns agents, tracks progress, and asks for approval when needed. Every agent is out of box, so no setup, coding, or API keys required.",549,https://www.producthunt.com/r/RL4GWQKCKC4Y5K?utm_campaign=producthunt-api&utm_medium=api-v2&utm_source=Application%3A+mon_scraper+%28ID%3A+286411%29,2026-05-21T07:01:00Z,https://www.producthunt.com/products/tycoon-us?utm_campaign=producthunt-api&utm_medium=api-v2&utm_source=Application%3A+mon_scraper+%28ID%3A+286411%29,"Marketing, Artificial Intelligence, Tech","[REDACTED], [REDACTED], [REDACTED]"
1138927,articuler.ai,Describe your goal. Meet the right professional.,"Networking is broken because keyword search is broken. We bring real connections to the table — the investor who funds your round, the hire who ships your roadmap, the partner who opens your next market. Tell us your intent and Articuler does three things: (1) Match across 980M public profiles, or within a scope like ""VCs who wrote checks in Q1 2026."" (2) Playbook: decode anyone from their public footprint. (3) Cold email: a first note that actually lands. 15% reply rate. 8x cold outreach.",548,https://www.producthunt.com/r/ZTPLA6JAPDGMNV?utm_campaign=producthunt-api&utm_medium=api-v2&utm_source=Application%3A+mon_scraper+%28ID%3A+286411%29,2026-05-11T07:01:00Z,https://www.producthunt.com/products/articuler-ai/launches/articuler-ai-4?utm_campaign=producthunt-api&utm_medium=api-v2&utm_source=Application%3A+mon_scraper+%28ID%3A+286411%29,"Social Network, Career, Community","[REDACTED], [REDACTED], [REDACTED], [REDACTED], [REDACTED]"
1139974,Kelviq,"Payments, tax, and billing for SaaS & AI companies","Kelviq is the complete monetization platform for SaaS, AI, and digital products. It handles payments, global tax, subscriptions, usage-based billing, digital delivery, license keys, and compliance in one place, for 3.5% + 40¢ per transaction.",546,https://www.producthunt.com/r/F6U3WKKQYBLXSI?utm_campaign=producthunt-api&utm_medium=api-v2&utm_source=Application%3A+mon_scraper+%28ID%3A+286411%29,2026-05-12T07:01:00Z,https://www.producthunt.com/products/kelviq/launches/kelviq-2?utm_campaign=producthunt-api&utm_medium=api-v2&utm_source=Application%3A+mon_scraper+%28ID%3A+286411%29,"Payments, SaaS, Developer Tools","[REDACTED], [REDACTED], [REDACTED], [REDACTED], [REDACTED], [REDACTED]"
1136169,Fere AI,AI agents that turn signals into crypto + Polymarket trades,"Unlike generic crypto research assistants, Fere turns market signals into autonomous trading workflows. Agents research opportunities, build trade setups, optimize routes and fees, execute with a wallet, and monitor strategies 24/7 across crypto and Polymarket. Standout features include autonomous Polymarket trading, entry/exit rules, stop-loss controls, execution routing, and lower-cost agent runs.",533,https://www.producthunt.com/r/5IJWOH2H3DJIER?utm_campaign=producthunt-api&utm_medium=api-v2&utm_source=Application%3A+mon_scraper+%28ID%3A+286411%29,2026-05-17T07:01:00Z,https://www.producthunt.com/products/fere-ai/launches/fere-ai?utm_campaign=producthunt-api&utm_medium=api-v2&utm_source=Application%3A+mon_scraper+%28ID%3A+286411%29,"Fintech, Artificial Intelligence, Web3","[REDACTED], [REDACTED], [REDACTED], [REDACTED], [REDACTED], [REDACTED]"
1151377,Stitch 3.0 by Google,Generate and iterate UI screens with AI on a live canvas,"Stitch generates UI screens for mobile and web from text prompts, with streaming edits, in-place AI changes, and one-click export to Figma, Netlify, Lovable, and Bolt. For product designers and developers prototyping fast.",529,https://www.producthunt.com/r/2WIQLRJ4DNSJF5?utm_campaign=producthunt-api&utm_medium=api-v2&utm_source=Application%3A+mon_scraper+%28ID%3A+286411%29,2026-05-24T07:01:00Z,https://www.producthunt.com/products/stitch-by-google?utm_campaign=producthunt-api&utm_medium=api-v2&utm_source=Application%3A+mon_scraper+%28ID%3A+286411%29,"Design Tools, User Experience, Artificial Intelligence","[REDACTED], [REDACTED], [REDACTED]"
1147569,LobeHub,Your Chief Agent Operator for multi-agent work,"LobeHub is a Chief Agent Operator (CAO) that builds, runs, and coordinates your AI agent team. Describe a goal, and it assembles the right agents/skills, runs tasks in parallel in the cloud, routes work across models, and reports back only when decisions are needed—via your existing channels (Slack/Discord/Telegram/iMessage). Less tab-switching, more outcomes.",526,https://www.producthunt.com/r/GDRCLPANDCILEI?utm_campaign=producthunt-api&utm_medium=api-v2&utm_source=Application%3A+mon_scraper+%28ID%3A+286411%29,2026-05-18T07:01:00Z,https://www.producthunt.com/products/lobehub?utm_campaign=producthunt-api&utm_medium=api-v2&utm_source=Application%3A+mon_scraper+%28ID%3A+286411%29,"Productivity, Artificial Intelligence","[REDACTED], [REDACTED], [REDACTED], [REDACTED], [REDACTED], [REDACTED]"
1146113,Vivago Video Agent,Skip the prompting. Produce consistently compelling videos. ,Vivago Video Agent lets you generate consistently compelling narrative videos with natural language. No more annoying prompting! Our video agent ensures every scene stays on-brand and internally coherent by guiding you through a structured creative process. Just share your assets and describe your story — a swarm of AI directors will invent characters and write a compelling story for you. See the keyframes before rendering. Your 1-min 1080P story video will be ready in 40 mins.,524,https://www.producthunt.com/r/4UYKCH63ZLBZY7?utm_campaign=producthunt-api&utm_medium=api-v2&utm_source=Application%3A+mon_scraper+%28ID%3A+286411%29,2026-05-17T07:01:00Z,https://www.producthunt.com/products/viva/launches/vivago-video-agent?utm_campaign=producthunt-api&utm_medium=api-v2&utm_source=Application%3A+mon_scraper+%28ID%3A+286411%29,"Productivity, Marketing, Artificial Intelligence","[REDACTED], [REDACTED], [REDACTED], [REDACTED], [REDACTED], [REDACTED], [REDACTED], [REDACTED]"
1146232,SpotsNow,Track who's advertising across podcasts w/ campaign insights,"Track who's advertising on every podcast, what they're spending, and where their campaigns are running — then buy open inventory directly from publishers, all in one place. The competitive intelligence layer for podcast ads.",520,https://www.producthunt.com/r/IXZOC4RHEEXJVY?utm_campaign=producthunt-api&utm_medium=api-v2&utm_source=Application%3A+mon_scraper+%28ID%3A+286411%29,2026-05-28T07:01:00Z,https://www.producthunt.com/products/spotsnow?utm_campaign=producthunt-api&utm_medium=api-v2&utm_source=Application%3A+mon_scraper+%28ID%3A+286411%29,"Analytics, Advertising, Radio","[REDACTED], [REDACTED], [REDACTED], [REDACTED], [REDACTED], [REDACTED], [REDACTED]"
1139956,Kanwas,An open-source brain for your team,"For you, your agent, your coworker and their agent. It holds the team's critical know-how, research, decisions and data. But it's not a dead storage. It's a workspace that makes the context workable for humans as well as agents.",519,https://www.producthunt.com/r/B4UPX2JVYGVZFJ?utm_campaign=producthunt-api&utm_medium=api-v2&utm_source=Application%3A+mon_scraper+%28ID%3A+286411%29,2026-05-06T07:01:00Z,https://www.producthunt.com/products/kanwas/launches/kanwas?utm_campaign=producthunt-api&utm_medium=api-v2&utm_source=Application%3A+mon_scraper+%28ID%3A+286411%29,"Productivity, Artificial Intelligence","[REDACTED], [REDACTED], [REDACTED], [REDACTED]"
1141013,Memoket Gem,An AI wearable that remembers your conversations all day,"We’re opening 50 free spots for our Founding Member Program for founders, SMB owners who want to try Memoket Gem early. Memoket Gem is an all-day AI wearable that captures meetings, calls, coffee chats, and decisions on the go. It summarizes key moments, connects context across conversations, and turns them into tasks, notes, and follow-ups in the tools you already use. Join us and help shape the future of real-world AI memory.",506,https://www.producthunt.com/r/UIMN4URVUICVGJ?utm_campaign=producthunt-api&utm_medium=api-v2&utm_source=Application%3A+mon_scraper+%28ID%3A+286411%29,2026-05-13T07:01:00Z,https://www.producthunt.com/products/memoket-gem/launches/memoket-gem?utm_campaign=producthunt-api&utm_medium=api-v2&utm_source=Application%3A+mon_scraper+%28ID%3A+286411%29,"Productivity, Wearables, Artificial Intelligence","[REDACTED], [REDACTED], [REDACTED], [REDACTED]"
1141978,Monid 2.0,OpenRouter for agent tools,"One skill, every tool your agent needs. Monid is OpenRouter for agent tools. Plug in once, and your agent can discover, compare, and pay for any of 200+ tools on demand: social scrapers, search APIs, ecommerce data, lead gen, and more.",487,https://www.producthunt.com/r/RGRECF5QMV23LX?utm_campaign=producthunt-api&utm_medium=api-v2&utm_source=Application%3A+mon_scraper+%28ID%3A+286411%29,2026-05-08T07:01:00Z,https://www.producthunt.com/products/monid/launches/monid-2-0?utm_campaign=producthunt-api&utm_medium=api-v2&utm_source=Application%3A+mon_scraper+%28ID%3A+286411%29,"Developer Tools, Artificial Intelligence, YC Application","[REDACTED], [REDACTED]"
1144878,TestSprite 3.0,Let a fleet of parallel agents test your app in minutes,"TestSprite generates and runs end-to-end tests for your app, autonomously. For backend, we can now generate complex integration tests with dynamic variables, auto-cleanup, and Data Flow debugging. For frontend, we now send a fleet of parallel AI agents to explore your app first — clicking through every feature like real users, then feeding results into testing. We're the first to do this. 3.0 also adds auto-heal for UI drift, auto-auth for regression, and a CLI for Claude Code, Codex users.",477,https://www.producthunt.com/r/DP36SVO3Y3LMV7?utm_campaign=producthunt-api&utm_medium=api-v2&utm_source=Application%3A+mon_scraper+%28ID%3A+286411%29,2026-05-22T07:01:00Z,https://www.producthunt.com/products/testsprite?utm_campaign=producthunt-api&utm_medium=api-v2&utm_source=Application%3A+mon_scraper+%28ID%3A+286411%29,"Developer Tools, Artificial Intelligence","[REDACTED], [REDACTED], [REDACTED], [REDACTED], [REDACTED]"
1129128,Superset 2.0,Run 100s of coding agents on any machine from anywhere,"Run 100s parallel coding agents, offload them to different machines. Rewritten from scratch to support remote workspaces. Share and collaborate with teammates in realtime. Works for any CLI agent.",474,https://www.producthunt.com/r/DLXL3IV2Y7S2VX?utm_campaign=producthunt-api&utm_medium=api-v2&utm_source=Application%3A+mon_scraper+%28ID%3A+286411%29,2026-05-06T07:01:00Z,https://www.producthunt.com/products/superset-5/launches/superset-2-0?utm_campaign=producthunt-api&utm_medium=api-v2&utm_source=Application%3A+mon_scraper+%28ID%3A+286411%29,"Text Editors, Developer Tools, Artificial Intelligence, GitHub","[REDACTED], [REDACTED], [REDACTED]"
1147823,Powabase,"Build AI apps with Postgres, RAG, and agents","Powabase is a backend-as-a-service for AI-native applications, combining Postgres, RAG, agents, memory, workflows, and automation primitives in one platform. It helps agencies and in-house IT teams build new AI apps or add AI automation to existing products without stitching together fragmented infrastructure. Designed to work seamlessly with modern coding agents, Powabase helps teams ship faster while building more robust, token-efficient systems.",468,https://www.producthunt.com/r/6BBPF3XTDL5C2Y?utm_campaign=producthunt-api&utm_medium=api-v2&utm_source=Application%3A+mon_scraper+%28ID%3A+286411%29,2026-05-27T07:01:00Z,https://www.producthunt.com/products/powabase?utm_campaign=producthunt-api&utm_medium=api-v2&utm_source=Application%3A+mon_scraper+%28ID%3A+286411%29,"Developer Tools, Artificial Intelligence, Database","[REDACTED], [REDACTED], [REDACTED], [REDACTED]"
1141227,HasData,Web scraping service for AI agents,"HasData is the managed web scraping service for data pipelines and AI agents. Send any URL, get clean JSON or Markdown back in one API call. We handle proxies, browser rendering, retries, and anti-bot. 50+ ready scrapers cover Google Search, Maps, News, Zillow, Indeed, and major e-commerce. AI extraction handles any other URL from a plain-text prompt. Use it from Claude, ChatGPT, or your own AI agent via MCP. CLI for everything else.",457,https://www.producthunt.com/r/6FFSO6JJJ2XS3Q?utm_campaign=producthunt-api&utm_medium=api-v2&utm_source=Application%3A+mon_scraper+%28ID%3A+286411%29,2026-05-15T07:01:00Z,https://www.producthunt.com/products/hasdata/launches/hasdata?utm_campaign=producthunt-api&utm_medium=api-v2&utm_source=Application%3A+mon_scraper+%28ID%3A+286411%29,"Artificial Intelligence, Data, Vercel Day","[REDACTED], [REDACTED], [REDACTED], [REDACTED], [REDACTED], [REDACTED]"
1132321,Huddle01 VMs,Virtual Machines for Your Agents,"Huddle01 Cloud allows you to spin up a Virtual Machine (VM) from your favourite AI assistant now! The MCP server lets you control your infrastructure setup on Huddle01 just by chatting. Works with Claude, Cursor, Antigravity, or anywhere you can set up MCPs. Your virtual machines come with Unlimited Ingress, Per-second billing, and Unthrottled NVMe Storage.",455,https://www.producthunt.com/r/UYBGFPMMHGEL7A?utm_campaign=producthunt-api&utm_medium=api-v2&utm_source=Application%3A+mon_scraper+%28ID%3A+286411%29,2026-05-03T07:01:00Z,https://www.producthunt.com/products/huddle01-cloud-2/launches/huddle01-vms?utm_campaign=producthunt-api&utm_medium=api-v2&utm_source=Application%3A+mon_scraper+%28ID%3A+286411%29,"Developer Tools, Artificial Intelligence, Development","[REDACTED], [REDACTED], [REDACTED], [REDACTED], [REDACTED], [REDACTED]"
1154630,Bluedot 2.1,Record on Apple Watch. Sync with Claude,"Bluedot 2.1 brings your real-world conversations into Claude. Record conversations directly from your Apple Watch, then sync them with Claude through MCP. Capture customer calls, hallway chats, interviews, coffee meetings, and in-person conversations, without a laptop or meeting bot. Bluedot turns every conversation into searchable, AI-ready context that Claude can summarize, search, and act on.",435,https://www.producthunt.com/r/FBQTRS2UMIX3RW?utm_campaign=producthunt-api&utm_medium=api-v2&utm_source=Application%3A+mon_scraper+%28ID%3A+286411%29,2026-05-27T07:01:00Z,https://www.producthunt.com/products/bluedot-2?utm_campaign=producthunt-api&utm_medium=api-v2&utm_source=Application%3A+mon_scraper+%28ID%3A+286411%29,"Android, Apple Watch, Productivity","[REDACTED], [REDACTED], [REDACTED], [REDACTED], [REDACTED]"
1137008,OpenJobs AI,End-to-End Autonomous AI Recruiter,"Tell us what role you’re hiring for. AI recruiter sources qualified candidates, screens them against your requirements, sends personalized outreach, tracks replies, and books interviews directly on your calendar.",432,https://www.producthunt.com/r/DZIBWQICPJ7Z4E?utm_campaign=producthunt-api&utm_medium=api-v2&utm_source=Application%3A+mon_scraper+%28ID%3A+286411%29,2026-05-11T07:00:00Z,https://www.producthunt.com/products/openjobs-ai/launches/openjobs-ai-2?utm_campaign=producthunt-api&utm_medium=api-v2&utm_source=Application%3A+mon_scraper+%28ID%3A+286411%29,"Hiring, Pitch Singapore","[REDACTED], [REDACTED], [REDACTED]"
1150337,Composer 2.5,Cursor’s most powerful model yet,"A substantial improvement in intelligence and behavior over Composer 2, particularly on long-horizon agentic tasks.",430,https://www.producthunt.com/r/ZEXWSSPQZYCABO?utm_campaign=producthunt-api&utm_medium=api-v2&utm_source=Application%3A+mon_scraper+%28ID%3A+286411%29,2026-05-19T07:01:00Z,https://www.producthunt.com/products/cursor?utm_campaign=producthunt-api&utm_medium=api-v2&utm_source=Application%3A+mon_scraper+%28ID%3A+286411%29,"Artificial Intelligence, Development","[REDACTED], [REDACTED], [REDACTED], [REDACTED], [REDACTED], [REDACTED], [REDACTED], [REDACTED], [REDACTED], [REDACTED], [REDACTED]"
1033481,Bond,Outbound campaigns powered by real buying signals,"Bond is your AI GTM Engineer. Tell it who you want to reach. It builds the audience, plans the campaign, writes the messaging, and executes it end to end. Every data provider and outreach tool you need, in one workflow. Build your first campaign in 15 minutes.",425,https://www.producthunt.com/r/H7KRMGFGCJKRRE?utm_campaign=producthunt-api&utm_medium=api-v2&utm_source=Application%3A+mon_scraper+%28ID%3A+286411%29,2026-05-26T07:01:00Z,https://www.producthunt.com/products/outbond?utm_campaign=producthunt-api&utm_medium=api-v2&utm_source=Application%3A+mon_scraper+%28ID%3A+286411%29,"Productivity, Sales, Artificial Intelligence","[REDACTED], [REDACTED], [REDACTED]"
1139661,Flare,AI-native voice-first social app for GenZ,"Flare is an AI-native voice-first social app for Gen Z. Capture real moments: photos, short videos, or moods, and your AI Orb uses agents to turn them into memory, identity, and friendship context. No likes, followers, comments, or stranger feed. Just you, your friends, and an Orb that talks back about what matters. A social app you listen to instead of scrolling.",425,https://www.producthunt.com/r/FLBPXYPO7MDZP3?utm_campaign=producthunt-api&utm_medium=api-v2&utm_source=Application%3A+mon_scraper+%28ID%3A+286411%29,2026-05-08T07:01:00Z,https://www.producthunt.com/products/flare-9/launches/flare-12?utm_campaign=producthunt-api&utm_medium=api-v2&utm_source=Application%3A+mon_scraper+%28ID%3A+286411%29,"Social Media, Artificial Intelligence, YC Application","[REDACTED], [REDACTED]"
1143406,Loova Agents,Your AI director for creating cinematic videos with ease,"Tell Loova your idea in everyday words, and Loova agents act as your personal director to plan, direct, and generate your film. Make scroll-stopping ads, short films, and product videos fast. With an infinite canvas for boundless imagination, Loova Agents make professional video storytelling simple.",415,https://www.producthunt.com/r/4GHN2XBZOGAXZS?utm_campaign=producthunt-api&utm_medium=api-v2&utm_source=Application%3A+mon_scraper+%28ID%3A+286411%29,2026-05-16T07:01:00Z,https://www.producthunt.com/products/loova-agents/launches/loova-agents-3?utm_campaign=producthunt-api&utm_medium=api-v2&utm_source=Application%3A+mon_scraper+%28ID%3A+286411%29,"Marketing, Artificial Intelligence, Video","[REDACTED], [REDACTED], [REDACTED], [REDACTED], [REDACTED], [REDACTED]"
1046734,Wandesk,Build Your Own AI Desktop ,"Wandesk is an AI desktop. Build the apps you need just by describing them. Plug in Claude Code, Codex, DeepSeek, OpenAI, Kimi, Qwen — anything OpenAI-compatible. Apps share context. AI remembers you. All local. No signup.",414,https://www.producthunt.com/r/5A3ODZHHI5HVA6?utm_campaign=producthunt-api&utm_medium=api-v2&utm_source=Application%3A+mon_scraper+%28ID%3A+286411%29,2026-05-30T07:01:00Z,https://www.producthunt.com/products/wandesk-ai?utm_campaign=producthunt-api&utm_medium=api-v2&utm_source=Application%3A+mon_scraper+%28ID%3A+286411%29,"Productivity, Open Source, Artificial Intelligence","[REDACTED], [REDACTED], [REDACTED]"
1150124,Emdash,One app. Every coding agent. Open-source.,"Emdash is an open-source desktop app for running multiple coding agents in parallel; one place to monitor sessions, review diffs, and turn issues into PRs.",409,https://www.producthunt.com/r/U7NUCTTEX6BM3I?utm_campaign=producthunt-api&utm_medium=api-v2&utm_source=Application%3A+mon_scraper+%28ID%3A+286411%29,2026-05-20T07:01:00Z,https://www.producthunt.com/products/emdash?utm_campaign=producthunt-api&utm_medium=api-v2&utm_source=Application%3A+mon_scraper+%28ID%3A+286411%29,"Productivity, Open Source, Developer Tools, GitHub","[REDACTED], [REDACTED]"
1130618,Radar,The missing open-source Kubernetes UI,"Radar brings your Kubernetes workflows into one fast, open-source UI: real-time topology, resources, events, Helm, GitOps, live traffic flows, security & best-practice checks, image filesystem inspection, and MCP for AI agents. Run it locally as a single binary or self-host it in-cluster with RBAC + OIDC — no account, agents, or cloud required.",408,https://www.producthunt.com/r/ZVGW24KQL2TDTF?utm_campaign=producthunt-api&utm_medium=api-v2&utm_source=Application%3A+mon_scraper+%28ID%3A+286411%29,2026-05-03T07:01:00Z,https://www.producthunt.com/products/radar-7/launches/radar-42edb7b0-e388-4fa8-9ba5-4876c2c0d638?utm_campaign=producthunt-api&utm_medium=api-v2&utm_source=Application%3A+mon_scraper+%28ID%3A+286411%29,"Open Source, Developer Tools, Artificial Intelligence, GitHub","[REDACTED], [REDACTED], [REDACTED]"
1135327,PandaProbe,open source agent engineering platform,"PandaProbe is an open-source agent engineering platform that gives you deep observability into AI agent applications. Use it to trace, evaluate, monitor and debug your AI agents in development and production.",407,https://www.producthunt.com/r/BLAIC7M7XUPFXD?utm_campaign=producthunt-api&utm_medium=api-v2&utm_source=Application%3A+mon_scraper+%28ID%3A+286411%29,2026-05-03T07:01:00Z,https://www.producthunt.com/products/pandaprobe/launches/pandaprobe-2?utm_campaign=producthunt-api&utm_medium=api-v2&utm_source=Application%3A+mon_scraper+%28ID%3A+286411%29,"Open Source, Developer Tools, Artificial Intelligence, GitHub",[REDACTED]
1050396,Genpire,"Make Real Products with AI, literally.","Most AI stops at the idea. Genpire takes it to the factory. Think Lovable, but for consumer goods manufacturing - an agentic platform that turns prompts and sketches into products, collections, and factory-ready specs, then lets you work with your own factory or tap into a vetted network for instant quotation, sampling, and bulk production. One workflow, all the way from an idea to the factory floor. Genpire makes building physical products faster, simpler, and finally accessible to anyone.",407,https://www.producthunt.com/r/SBMCMSDZBENDWN?utm_campaign=producthunt-api&utm_medium=api-v2&utm_source=Application%3A+mon_scraper+%28ID%3A+286411%29,2026-05-11T07:01:00Z,https://www.producthunt.com/products/genpire-ai/launches/genpire-2?utm_campaign=producthunt-api&utm_medium=api-v2&utm_source=Application%3A+mon_scraper+%28ID%3A+286411%29,"Design Tools, Artificial Intelligence, Maker Tools","[REDACTED], [REDACTED], [REDACTED], [REDACTED], [REDACTED], [REDACTED], [REDACTED]"
1146684,Drizz,"Mobile tests that write, run, and fix themselves","Drizz is an AI-powered mobile test automation platform built around intent-based testing. Simply describe what you want to test in plain English, Drizz executes it on a real device using Vision AI and automatically authors a reusable test case. No scripting, no flaky selectors, no manual maintenance. It adapts to dynamic UIs, integrates with your CI/CD pipeline, and gives your team reliable end-to-end coverage without the overhead.",399,https://www.producthunt.com/r/7JHDW73XTTPZ3A?utm_campaign=producthunt-api&utm_medium=api-v2&utm_source=Application%3A+mon_scraper+%28ID%3A+286411%29,2026-05-19T07:01:00Z,https://www.producthunt.com/products/drizz-2?utm_campaign=producthunt-api&utm_medium=api-v2&utm_source=Application%3A+mon_scraper+%28ID%3A+286411%29,"Developer Tools, Artificial Intelligence, No-Code","[REDACTED], [REDACTED], [REDACTED], [REDACTED], [REDACTED], [REDACTED], [REDACTED], [REDACTED]"
1052099,Graphbit PRFlow,AI code reviewer that catches what others miss,"Your AI teammate that reviews every pull request before it ships. Tested on 10 real projects, PRFlow found 7 critical security issues where competitors found zero. Learns your team's standards over time. Pay per review, not per seat.",398,https://www.producthunt.com/r/K4W36ZSYF7WPLV?utm_campaign=producthunt-api&utm_medium=api-v2&utm_source=Application%3A+mon_scraper+%28ID%3A+286411%29,2026-05-11T07:01:00Z,https://www.producthunt.com/products/graphbit/launches/graphbit-prflow?utm_campaign=producthunt-api&utm_medium=api-v2&utm_source=Application%3A+mon_scraper+%28ID%3A+286411%29,"Productivity, Developer Tools, GitHub","[REDACTED], [REDACTED], [REDACTED], [REDACTED], [REDACTED], [REDACTED]"
1144544,PHBench,Predict the next Series A from a ProductHunt launch,"PHBench: the first public benchmark predicting Series A funding from Product Hunt launch signals. We analyzed 67,292 featured launches over 7 years, linked to 528 verified Series A rounds via Crunchbase. Champion model: 4.7x lift over random. Team size × community engagement is the strongest signal; B2B (API, Payments, Fintech) converts at 3x baseline; Rank #1 raises at 2.2x unranked. Dataset, code, and baselines open. Submit at phbench.com and subscribe for weekly high-probability launches.",396,https://www.producthunt.com/r/PGPP6AKDU7CMY4?utm_campaign=producthunt-api&utm_medium=api-v2&utm_source=Application%3A+mon_scraper+%28ID%3A+286411%29,2026-05-15T07:01:00Z,https://www.producthunt.com/products/vela-terminal/launches/phbench-2?utm_campaign=producthunt-api&utm_medium=api-v2&utm_source=Application%3A+mon_scraper+%28ID%3A+286411%29,"Venture Capital, Artificial Intelligence, GitHub, Data, Vercel Day","[REDACTED], [REDACTED], [REDACTED], [REDACTED]"
1152537,Cleo,The AI PM that runs your team,"Cleo is the AI product manager for founders and lean teams. It lives in Telegram and Slack - learns your tone, knows your team, and runs the PM work (standups, follow-ups, decisions) while you ship the product. What's different: every fact Cleo learns is transparent - you see the source, the confidence, and can confirm or correct it. No black-box memory. Five trust levels, from observer to operator. Free in Telegram. 1 min setup",389,https://www.producthunt.com/r/UEIFHO7XED74LR?utm_campaign=producthunt-api&utm_medium=api-v2&utm_source=Application%3A+mon_scraper+%28ID%3A+286411%29,2026-05-22T07:01:00Z,https://www.producthunt.com/products/cleo-4?utm_campaign=producthunt-api&utm_medium=api-v2&utm_source=Application%3A+mon_scraper+%28ID%3A+286411%29,"Productivity, Artificial Intelligence, Alpha","[REDACTED], [REDACTED]"
1144375,Latitude for Claude Code,See where Claude Code burns tokens. Hit your limits less.,"Trace every Claude Code session. See the full system prompt, every tool call, every subagent, and token cost per turn. One command to install, free, your traces stay in your account. Receive a weekly report with your stats.",385,https://www.producthunt.com/r/SQUMMFO54D7IZ2?utm_campaign=producthunt-api&utm_medium=api-v2&utm_source=Application%3A+mon_scraper+%28ID%3A+286411%29,2026-05-13T07:01:00Z,https://www.producthunt.com/products/latitude-4/launches/latitude-for-claude-code?utm_campaign=producthunt-api&utm_medium=api-v2&utm_source=Application%3A+mon_scraper+%28ID%3A+286411%29,Developer Tools,"[REDACTED], [REDACTED]"
1151095,Gemini Omni,Create anything from any input – starting with video,"Create anything from anything, starting with video. Gemini Omni is where Gemini’s ability to reason meets the ability to create. It delivers a leap in world understanding, multimodality, and editing.",384,https://www.producthunt.com/r/ENOAWGG27PYBQE?utm_campaign=producthunt-api&utm_medium=api-v2&utm_source=Application%3A+mon_scraper+%28ID%3A+286411%29,2026-05-20T07:01:00Z,https://www.producthunt.com/products/gemini-omni-4?utm_campaign=producthunt-api&utm_medium=api-v2&utm_source=Application%3A+mon_scraper+%28ID%3A+286411%29,"Artificial Intelligence, Video",[REDACTED]
1130040,Mindra,Agent Teams You Can Actually Delegate To,"Mindra is the command center for your non-sleeping, 24/7 awake agentic team. Explain your task, and Mindra will create the best agentic team for you. Automate your marketing, supply chain and more. With Mindra's built-in governance, human oversight, and support for your existing stack, you can finally trust your agents.",376,https://www.producthunt.com/r/TKXFPMBGKX7BTI?utm_campaign=producthunt-api&utm_medium=api-v2&utm_source=Application%3A+mon_scraper+%28ID%3A+286411%29,2026-05-04T07:01:00Z,https://www.producthunt.com/products/mindra/launches/mindra?utm_campaign=producthunt-api&utm_medium=api-v2&utm_source=Application%3A+mon_scraper+%28ID%3A+286411%29,"Productivity, Marketing, Artificial Intelligence","[REDACTED], [REDACTED], [REDACTED], [REDACTED], [REDACTED]"
1136118,Zed 1.0,"High-performance, open source, multiplayer code editor","Fast — Written from scratch in Rust to efficiently leverage multiple CPU cores and your GPU. • Agentic — Run agents in parallel to smoothly edit files, navigate code, and run tools at native speed. • Collaborative — Chat with teammates, code together, and share your screen and project.",375,https://www.producthunt.com/r/UKEMMK6DO2KIXA?utm_campaign=producthunt-api&utm_medium=api-v2&utm_source=Application%3A+mon_scraper+%28ID%3A+286411%29,2026-05-01T07:01:00Z,https://www.producthunt.com/products/zed/launches/zed-1-0?utm_campaign=producthunt-api&utm_medium=api-v2&utm_source=Application%3A+mon_scraper+%28ID%3A+286411%29,"Open Source, Text Editors, Developer Tools, GitHub","[REDACTED], [REDACTED], [REDACTED], [REDACTED], [REDACTED], [REDACTED], [REDACTED], [REDACTED], [REDACTED], [REDACTED], [REDACTED], [REDACTED], [REDACTED], [REDACTED]"
1154343,Yansu,AI that learns how you work and turns it into software,"Yanshu learns from the work you already do. It spots repeated tasks across files, messages, and workflows, then turns the best patterns into apps and automations. No process mapping or blank canvas—just the routines worth systemizing. Use it to automate recurring work, build lightweight internal tools, and speed up daily ops without writing code.",371,https://www.producthunt.com/r/YAPEOVBKBZUMNZ?utm_campaign=producthunt-api&utm_medium=api-v2&utm_source=Application%3A+mon_scraper+%28ID%3A+286411%29,2026-05-25T07:01:00Z,https://www.producthunt.com/products/yansu?utm_campaign=producthunt-api&utm_medium=api-v2&utm_source=Application%3A+mon_scraper+%28ID%3A+286411%29,"Productivity, Artificial Intelligence, Maker Tools","[REDACTED], [REDACTED], [REDACTED], [REDACTED]"
1157494,Ava 2.0,Your AI BDR that runs outbound sales autonomously,"Ava is an AI BDR that runs your entire outbound on autopilot. She sources leads from 250M+ professionals, runs multi-channel outreach, and books qualified meetings. Fully autonomously.",371,https://www.producthunt.com/r/HMYIC7WZZM3MNU?utm_campaign=producthunt-api&utm_medium=api-v2&utm_source=Application%3A+mon_scraper+%28ID%3A+286411%29,2026-05-29T07:01:00Z,https://www.producthunt.com/products/artisan-3?utm_campaign=producthunt-api&utm_medium=api-v2&utm_source=Application%3A+mon_scraper+%28ID%3A+286411%29,"Productivity, Sales, Artificial Intelligence","[REDACTED], [REDACTED]"
1141635,Ghost,"Open-source, self-hosted game servers","Open-source dedicated game server platform. Spin up Minecraft, Valheim, Rust, Palworld, Enshrouded and Terraria on your own Hetzner Cloud account in seconds.",365,https://www.producthunt.com/r/2P6JXG53QD4245?utm_campaign=producthunt-api&utm_medium=api-v2&utm_source=Application%3A+mon_scraper+%28ID%3A+286411%29,2026-05-09T07:01:00Z,https://www.producthunt.com/products/ghost-8/launches/ghost-8?utm_campaign=producthunt-api&utm_medium=api-v2&utm_source=Application%3A+mon_scraper+%28ID%3A+286411%29,"Open Source, GitHub, Games",[REDACTED]
1113430,Mantle Chat,Collaboration platform where teams work with AI together,"Mantle Chat helps teams boost productivity and adopt AI faster by bringing real-time messaging, AI model chats, autonomous agents, and tool integrations into one shared workspace. Communicate in Discord/Slack-style channels, mention AI agents and models (GPT, Claude, Gemini, Grok, Deepseek) with @ whenever you need help directly in conversations with teammates, build agents, run autonomous tasks together, and connect 30+ tools (Notion, Linear, Gmail and more) your team already uses.",363,https://www.producthunt.com/r/HNOJTU2EDLNEGN?utm_campaign=producthunt-api&utm_medium=api-v2&utm_source=Application%3A+mon_scraper+%28ID%3A+286411%29,2026-05-19T07:01:00Z,https://www.producthunt.com/products/mantle-chat?utm_campaign=producthunt-api&utm_medium=api-v2&utm_source=Application%3A+mon_scraper+%28ID%3A+286411%29,"Productivity, Messaging","[REDACTED], [REDACTED], [REDACTED]"
942860,SUN-to-Spotify ,Generate audio with SUN and send it to your Spotify library,"Download 👉 https://github.com/sunapp-ai/sun-to-spotify SUN-to-Spotify is a skill that lets you generate AI podcasts, audiobooks, and then publish them directly to your Spotify library for streaming or offline listening. Just describe what you want to hear: startup advice, history deep dives, philosophy, news, or custom learning content, and SUN creates a personalized audio experience in minutes. Built for creators, developers, and curious minds exploring the future of AI native audio.",359,https://www.producthunt.com/r/ANMWQJRL3VEODH?utm_campaign=producthunt-api&utm_medium=api-v2&utm_source=Application%3A+mon_scraper+%28ID%3A+286411%29,2026-05-17T07:01:00Z,https://www.producthunt.com/products/sun-ai/launches/sun-to-spotify?utm_campaign=producthunt-api&utm_medium=api-v2&utm_source=Application%3A+mon_scraper+%28ID%3A+286411%29,"Education, Artificial Intelligence, Audio","[REDACTED], [REDACTED], [REDACTED], [REDACTED]"
1137273,Tailgrids 3.0,Open-source React UI library for Tailwind and AI Workflow,"TailGrids 3.0 is a complete rebuild - a modern open-source React UI library and design system that unifies React, Tailwind and Figma. Ship real-world web projects with 600+ components, blocks, and templates for dashboards, AI, ecommerce, SaaS, and marketing sites. Includes CLI install, design tokens for theming, and an MCP server for AI-ready workflows. TypeScript-first, accessible, production-ready, with a Figma kit that mirrors the codebase 1:1",355,https://www.producthunt.com/r/SRA36BX2QALQPN?utm_campaign=producthunt-api&utm_medium=api-v2&utm_source=Application%3A+mon_scraper+%28ID%3A+286411%29,2026-05-10T07:01:00Z,https://www.producthunt.com/products/tailgrids/launches/tailgrids-3-0?utm_campaign=producthunt-api&utm_medium=api-v2&utm_source=Application%3A+mon_scraper+%28ID%3A+286411%29,"Design Tools, Open Source, Developer Tools, GitHub","[REDACTED], [REDACTED], [REDACTED], [REDACTED]"
1158301,/monitor by Firecrawl,Notify your AI agent when the web changes,/monitor notifies your agent via webhook the moment pages or sites change. Use up to 90% fewer LLM tokens by only ingesting what changes on a page.,350,https://www.producthunt.com/r/RYV3RTT7QJJVGO?utm_campaign=producthunt-api&utm_medium=api-v2&utm_source=Application%3A+mon_scraper+%28ID%3A+286411%29,2026-05-29T07:01:00Z,https://www.producthunt.com/products/extract-by-firecrawl?utm_campaign=producthunt-api&utm_medium=api-v2&utm_source=Application%3A+mon_scraper+%28ID%3A+286411%29,"Developer Tools, Artificial Intelligence","[REDACTED], [REDACTED], [REDACTED]"
1133619,Flowstep 1.0,AI design engineer. Design & ship real UI.,Flowstep is the AI design engineer for developers and technical designers tired of rebuilding designs in code. Prompt or edit on an infinite canvas. Export production code or connect with your agents and apps via MCP. What you design is exactly what ships.,342,https://www.producthunt.com/r/4ELVP7JK6WNIFY?utm_campaign=producthunt-api&utm_medium=api-v2&utm_source=Application%3A+mon_scraper+%28ID%3A+286411%29,2026-05-05T07:01:00Z,https://www.producthunt.com/products/flowstep/launches/flowstep-1-0?utm_campaign=producthunt-api&utm_medium=api-v2&utm_source=Application%3A+mon_scraper+%28ID%3A+286411%29,"Developer Tools, Artificial Intelligence, Vibe coding","[REDACTED], [REDACTED], [REDACTED], [REDACTED], [REDACTED], [REDACTED], [REDACTED], [REDACTED]"
1148000,Mintlify Workflows,Self-updating knowledge bases,"Keep your docs moving as fast as your product. Mintlify Workflows lets teams turn on pre-built automations that update knowledge bases, generate changelogs, maintain translations, and handle repetitive documentation tasks whenever triggered. Instead of chasing every product change manually, teams can set up Workflows once and let Mintlify keep docs accurate, current, and ready for users.",341,https://www.producthunt.com/r/3CNKWNRFX4MONH?utm_campaign=producthunt-api&utm_medium=api-v2&utm_source=Application%3A+mon_scraper+%28ID%3A+286411%29,2026-05-21T07:01:00Z,https://www.producthunt.com/products/mintlify?utm_campaign=producthunt-api&utm_medium=api-v2&utm_source=Application%3A+mon_scraper+%28ID%3A+286411%29,"Notes, Developer Tools, Artificial Intelligence","[REDACTED], [REDACTED], [REDACTED], [REDACTED]"
